ProductID,UserID,ProductName,Photo,Description,Location,Category,Status,DateOfListing,ExpirationDate,ValueStatus
101,DMFAdmin,Water Bottle,hydroflask.jpg,"Black Hydroflask",DMF,Accessories,Unclaimed,2026-09-28,2026-10-28,Standard
102,admin,Airpods,airpods.jpg,"White AirPods Pro 3rd Generation",Burnell Hall,Electronics,Unclaimed,2026-10-01,2026-11-01,High
103,michael,Laptop,macbook.jpg,"Blue Apple MacBook Air",Maxwell Library,Electronics,Claimed,2026-10-03,2026-11-03,High
104,admin,Wireless headphones,headphones.jpg,"Pink noise canceling overear headphones",RSU,Electronics, Unclaimed, 2026-10-09,2027-01-01, High
105,DMFAdmin,Vintage leather jacket,jacket.jpg,"Genuine brown leather and men's medium",Bear's Den RSU,Clothing,Unclaimed,2026-06-13,2026-10-15, Standard
106,Alex,Canvas tote bag,canvas_tote_bag.jpg,"Large cream-colored canvas tote bag with navy-blue shoulder straps and a small embroidered university logo near the bottom corner. The bag contains a spiral notebook with handwritten class notes, a reusable stainless-steel coffee cup, several pens, and a black zippered pouch. It was found resting underneath a table near a study area.",Maxwell Library,Accessories,Unclaimed,2026-10-09,2026-11-09,Standard
108,Casey,Winter coat,winter_coat.jpg,"Dark green insulated winter coat with a hood trimmed in faux fur, two large front pockets with snap closures, and a silver zipper that runs down the center. A pair of knit gloves was found inside the left pocket. The coat appears lightly worn and has no visible personal identification on the outside.",Hunt Hall,Clothing,Unclaimed,2026-10-07,2027-01-07, Standard
109,Sam,Black backpack,black_backpack.jpg,"Medium-sized black backpack with padded shoulder straps, a front organizer pocket, two mesh side pockets, and a reflective strip across the lower front panel. Inside are several empty folders, a charging cable, a calculator, and a notebook with no clearly visible owner name. The bag was left near a seating area.",Crimson Hall,Bags,Unclaimed,2026-10-01,2026-11-01,Low

